id;name;content;date
1;Multi-channelled Licensed;../data/blob/hipster.txt;2019-07-14T17:34:56
2;syndicate;../data/blob/hipster.txt;2019-07-14T08:49:33
3;Canyon HDD;../data/blob/hipster.txt;2019-07-14T16:05:46
4;Centers;../data/blob/hipster.txt;2019-07-15T08:06:18
5;Usability South Dakota envisioneer;../data/blob/hipster.txt;2019-07-15T08:02:24
6;Public-key;../data/blob/hipster.txt;2019-07-15T02:38:19
7;Bahamian Dollar Investment Account;../data/blob/hipster.txt;2019-07-14T12:25:36
8;Salad;../data/blob/hipster.txt;2019-07-14T23:02:16
9;Tuna;../data/blob/hipster.txt;2019-07-14T14:17:41
10;convergence;../data/blob/hipster.txt;2019-07-15T03:25:58
